Topic,Body,Additional Info,Link,Likes,Comments,Shares
Vuze.Camera,"
The new Vuze XR pre-order offer is almost expired! 
Pre-order now and get a 360° Underwater Housing for FREE - it's now or never!

Link:

                    Vuze XR | Pre-order now!                

The Vuze XR Camera is a 5.7K Dual camera for photo and video capture in 360° or VR180 formats.
","
Language: English
Placement: Desktop Newsfeed
",https://adespresso.com/ad/2298677/?_return_to=https%3A%2F%2Fadespresso.com%2Fads-examples%2F%3Fsearch%3D%26placement%3D0%26industry%3D0%26objective%3D0%26attribute%3D0,1,Comment,Share
Vuze.Camera,"
The new Vuze XR pre-order offer is almost expired! 
Pre-order now and get a 360° Underwater Housing for FREE - it's now or never!

Link:

                    Vuze XR | Pre-order now!                

The Vuze XR Camera is a 5.7K Dual camera for photo and video capture in 360° or VR180 formats.
","
Language: English
Placement: Desktop Newsfeed
",https://adespresso.com/ad/2298677/?_return_to=https%3A%2F%2Fadespresso.com%2Fads-examples%2F%3Fsearch%3D%26placement%3D0%26industry%3D0%26objective%3D0%26attribute%3D0,1,Comment,Share
Patagonia,"
We designed our Peak Mission Jacket and Tights for cold weather runs.

Link:

                    Shop the Collection                


","
Language: English
Placement: Desktop Newsfeed
",https://adespresso.com/ad/2298340/?_return_to=https%3A%2F%2Fadespresso.com%2Fads-examples%2F%3Fsearch%3D%26placement%3D0%26industry%3D0%26objective%3D0%26attribute%3D0,807,14,17
Patagonia,"
We designed our Peak Mission Jacket and Tights for cold weather runs.

Link:

                    Shop the Collection                


","
Language: English
Placement: Desktop Newsfeed
",https://adespresso.com/ad/2298340/?_return_to=https%3A%2F%2Fadespresso.com%2Fads-examples%2F%3Fsearch%3D%26placement%3D0%26industry%3D0%26objective%3D0%26attribute%3D0,807,14,17
Doubleback,"
Don’t miss this opportunity to purchase our library wines for a good cause.

Link:

                    Doubleback for a Cause                


","
Language: English
Placement: Desktop Newsfeed
",https://adespresso.com/ad/2298326/?_return_to=https%3A%2F%2Fadespresso.com%2Fads-examples%2F%3Fsearch%3D%26placement%3D0%26industry%3D0%26objective%3D0%26attribute%3D0,42,1,2
Doubleback,"
Don’t miss this opportunity to purchase our library wines for a good cause.

Link:

                    Doubleback for a Cause                


","
Language: English
Placement: Desktop Newsfeed
",https://adespresso.com/ad/2298326/?_return_to=https%3A%2F%2Fadespresso.com%2Fads-examples%2F%3Fsearch%3D%26placement%3D0%26industry%3D0%26objective%3D0%26attribute%3D0,42,1,2
Sam Ovens,"
The online business world has gone mad!

Funnels, chatbots, webinars, bitecoin, ads, podcasts, livestreams, ecom, shopify, social media, personal brands, content...

ALL these tools are for losers. Seriously. Wake the hell up!

Link:

                    Marketing, Chatbots And Funnels Are For Losers (Seriously)                

This is NOT a funnel, I don't want your email and there will be 0 persuasion.
","
Language: English
Placement: Desktop Newsfeed
",https://adespresso.com/ad/2298313/?_return_to=https%3A%2F%2Fadespresso.com%2Fads-examples%2F%3Fsearch%3D%26placement%3D0%26industry%3D0%26objective%3D0%26attribute%3D0,159,44,16
Sam Ovens,"
The online business world has gone mad!

Funnels, chatbots, webinars, bitecoin, ads, podcasts, livestreams, ecom, shopify, social media, personal brands, content...

ALL these tools are for losers. Seriously. Wake the hell up!

Link:

                    Marketing, Chatbots And Funnels Are For Losers (Seriously)                

This is NOT a funnel, I don't want your email and there will be 0 persuasion.
","
Language: English
Placement: Desktop Newsfeed
",https://adespresso.com/ad/2298313/?_return_to=https%3A%2F%2Fadespresso.com%2Fads-examples%2F%3Fsearch%3D%26placement%3D0%26industry%3D0%26objective%3D0%26attribute%3D0,159,44,16
Marketing Funnel Tips,"
Agora is the 800 lb. marketing gorilla generating more customers faster than any direct response company on the planet...

How you would you like to get the media buying strategy that generates 4,000+ customers a day?

And see their secret playbook for predictably launching 7, 8, and 9 figure promotions to cold traffic?

What you’re about to experience has NEVER been shared with the public before...

This is a RARE and ONCE In a lifetime opportunity to sneak behind the black curtain and into the inner workings of the media buying machine generating Over 4,000 New Customers... Every Single Day!

It all begins on Oct 29th, 2018.

Lesson 1 is already live!  So click the button now for instant access.

PS - If you are wondering why Vinny is about to kiss this trout, well you'll just have to wait and see.  Because he ain't talking, and neither is the fish.

Link:

                    Yes Vinny, it's LIVE?                

Oct 29th - Available this week only! Lesson 1 is live right now.  Click and enter your email on the next page for complete free access!
","
Language: English
Placement: Desktop Newsfeed
",https://adespresso.com/ad/2298266/?_return_to=https%3A%2F%2Fadespresso.com%2Fads-examples%2F%3Fsearch%3D%26placement%3D0%26industry%3D0%26objective%3D0%26attribute%3D0,132,10,17
Marketing Funnel Tips,"
Agora is the 800 lb. marketing gorilla generating more customers faster than any direct response company on the planet...

How you would you like to get the media buying strategy that generates 4,000+ customers a day?

And see their secret playbook for predictably launching 7, 8, and 9 figure promotions to cold traffic?

What you’re about to experience has NEVER been shared with the public before...

This is a RARE and ONCE In a lifetime opportunity to sneak behind the black curtain and into the inner workings of the media buying machine generating Over 4,000 New Customers... Every Single Day!

It all begins on Oct 29th, 2018.

Lesson 1 is already live!  So click the button now for instant access.

PS - If you are wondering why Vinny is about to kiss this trout, well you'll just have to wait and see.  Because he ain't talking, and neither is the fish.

Link:

                    Yes Vinny, it's LIVE?                

Oct 29th - Available this week only! Lesson 1 is live right now.  Click and enter your email on the next page for complete free access!
","
Language: English
Placement: Desktop Newsfeed
",https://adespresso.com/ad/2298266/?_return_to=https%3A%2F%2Fadespresso.com%2Fads-examples%2F%3Fsearch%3D%26placement%3D0%26industry%3D0%26objective%3D0%26attribute%3D0,132,10,17
Outbrain,"
⚡️ Outbrain - it's the power of native advertising for your acquisition results!

Link:

                    Outbrain - The Leading Native Advertising Platform                


","
Language: English
Placement: Desktop Newsfeed
",https://adespresso.com/ad/2298226/?_return_to=https%3A%2F%2Fadespresso.com%2Fads-examples%2F%3Fsearch%3D%26placement%3D0%26industry%3D0%26objective%3D0%26attribute%3D0,2,Comment,Share
Outbrain,"
⚡️ Outbrain - it's the power of native advertising for your acquisition results!

Link:

                    Outbrain - The Leading Native Advertising Platform                


","
Language: English
Placement: Desktop Newsfeed
",https://adespresso.com/ad/2298226/?_return_to=https%3A%2F%2Fadespresso.com%2Fads-examples%2F%3Fsearch%3D%26placement%3D0%26industry%3D0%26objective%3D0%26attribute%3D0,2,Comment,Share
